patient_id,first_name,last_name,dob,gender,admission_date,diagnosis,department,billing_amount
P001,Ramesh,Kumar,1985-04-12,Male,2024-01-10,Hypertension,Cardiology,15000
P002,Sita,Mishra,1992-07-22,Female,2024-01-12,Diabetes,Endocrinology,9500
P003,Arjun,Singh,1978-11-05,Male,2024-02-05,Bronchitis,Pulmonology,12000
P004,Priya,Sharma,2001-01-30,Female,2024-02-20,Migraine,Neurology,
P005,Amit,Patel,1988-09-15,Male,2024-03-01,Appendicitis,General Surgery,85000
P006,Sunita,Gupta,1965-05-25,Female,2024-03-10,Arthritis,Orthopedics,25000
P007,Vikram,Chauhan,1995-03-18,Male,2024-04-22,Myocardial Infarction,Cardiology,250000
P008,Anjali,Verma,1982-08-10,Female,2024-05-15,Depression,Psychiatry,18000
P009,Karan,Joshi,1999-06-08,Male,2024-06-02,Fracture,Orthopedics,75000
P010,Meena,Nair,1970-12-01,Female,2024-07-19,Cataract,Ophthalmology,
P011,Sanjay,Rao,1980-02-20,Male,2024-07-25,Pneumonia,Pulmonology,35000
P012,Deepika,Iyer,1990-10-14,Female,2024-08-01,Anemia,Cardiology,8000